<?xml version="1.0"?>
<!--
/**
 * Unirgy LLC
 *
 * NOTICE OF LICENSE
 *
 * This source file is subject to the EULA
 * that is bundled with this package in the file LICENSE.txt.
 * It is also available through the world-wide-web at this URL:
 * http://www.unirgy.com/LICENSE-M1.txt
 *
 * @category   Unirgy
 * @package    Unirgy_DropshipMulti
 * @copyright  Copyright (c) 2008-2009 Unirgy LLC (http://www.unirgy.com)
 * @license    http:///www.unirgy.com/LICENSE-M1.txt
 */
-->
<config>
    <sections>
        <udropship>
            <groups>
                <stock translate="label">
                    <fields>
                        <total_qty_method translate="label">
                            <label>Total Quantity Method</label>
                            <frontend_type>select</frontend_type>
                            <source_model>udmulti/source</source_model>
                            <sort_order>10</sort_order>
                            <show_in_default>1</show_in_default>
                            <show_in_website>1</show_in_website>
                            <show_in_store>0</show_in_store>
                        </total_qty_method>
                        <hide_out_of_stock translate="label">
                            <label>Hide out of stock vendors</label>
                            <frontend_type>select</frontend_type>
                            <source_model>adminhtml/system_config_source_yesno</source_model>
                            <sort_order>100</sort_order>
                            <show_in_default>1</show_in_default>
                            <show_in_website>1</show_in_website>
                            <show_in_store>0</show_in_store>
                        </hide_out_of_stock>
                        <default_multivendor_status translate="label">
                            <label>Default status for product multivendor data</label>
                            <frontend_type>select</frontend_type>
                            <source_model>udmulti/source</source_model>
                            <sort_order>100</sort_order>
                            <show_in_default>1</show_in_default>
                            <show_in_website>1</show_in_website>
                            <show_in_store>0</show_in_store>
                        </default_multivendor_status>
                    </fields>
                </stock>
            </groups>
        </udropship>
    </sections>
</config>