<?xml version="1.0"?>
<!--
/**
 * Unirgy LLC
 *
 * NOTICE OF LICENSE
 *
 * This source file is subject to the EULA
 * that is bundled with this package in the file LICENSE.txt.
 * It is also available through the world-wide-web at this URL:
 * http://www.unirgy.com/LICENSE-M1.txt
 *
 * @category   Unirgy
 * @package    Unirgy_DropshipMultiPrice
 * @copyright  Copyright (c) 2008-2009 Unirgy LLC (http://www.unirgy.com)
 * @license    http:///www.unirgy.com/LICENSE-M1.txt
 */
-->
<config>
    <modules>
        <Unirgy_DropshipMultiPrice>
            <active>true</active>
            <codePool>community</codePool>
            <depends>
                <Unirgy_DropshipMulti />
            </depends>
        </Unirgy_DropshipMultiPrice>
        <Unirgy_DropshipVendorProduct>
            <depends>
                <Unirgy_DropshipMultiPrice />
            </depends>
        </Unirgy_DropshipVendorProduct>
    </modules>
</config>
