<?xml version="1.0"?>
<config>
    <sections>
        <udropship>
            <groups>
                <tiercom translate="label">
                    <label>Tier Commission</label>
                    <frontend_type>text</frontend_type>
                    <sort_order>210</sort_order>
                    <show_in_default>1</show_in_default>
                    <show_in_website>1</show_in_website>
                    <show_in_store>1</show_in_store>
                    <fields>
                        <tiered_category_parent translate="label">
                            <label>Parent category for tiered categories</label>
                            <frontend_type>select</frontend_type>
                            <frontend_model>udropship/adminhtml_systemConfigFormField_categoriesSelect</frontend_model>
                            <sort_order>10</sort_order>
                            <show_in_default>1</show_in_default>
                            <show_in_website>1</show_in_website>
                            <show_in_store>0</show_in_store>
                        </tiered_category_parent>
                        <match_subcategories translate="label">
                            <label>Match Subcategories</label>
                            <frontend_type>select</frontend_type>
                            <source_model>adminhtml/system_config_source_yesno</source_model>
                            <sort_order>20</sort_order>
                            <show_in_default>1</show_in_default>
                            <show_in_website>1</show_in_website>
                            <show_in_store>0</show_in_store>
                        </match_subcategories>
                        <fallback_lookup translate="label">
                            <label>Commission fallback lookup method</label>
                            <frontend_type>select</frontend_type>
                            <source_model>udtiercom/source</source_model>
                            <sort_order>25</sort_order>
                            <show_in_default>1</show_in_default>
                            <show_in_website>0</show_in_website>
                            <show_in_store>0</show_in_store>
                        </fallback_lookup>
                        <comm_attribute translate="label comment">
                            <label>Product attribute code for "Commission percent"</label>
                            <frontend_type>text</frontend_type>
                            <sort_order>30</sort_order>
                            <show_in_default>1</show_in_default>
                            <show_in_website>0</show_in_website>
                            <show_in_store>0</show_in_store>
                            <comment>Used to set per product commission percent (instead of tier commission percent)</comment>
                        </comm_attribute>
                        <fixed_rate_attribute translate="label comment">
                            <label>Product attribute code for "Tier Fixed Rate (per item)"</label>
                            <frontend_type>text</frontend_type>
                            <sort_order>32</sort_order>
                            <show_in_default>1</show_in_default>
                            <show_in_website>0</show_in_website>
                            <show_in_store>0</show_in_store>
                            <comment>Used to set per product fixed rate (instead of tier fixed rate)</comment>
                        </fixed_rate_attribute>
                        <commission_percent translate="label">
                            <label>Default Commission Percent</label>
                            <frontend_type>text</frontend_type>
                            <sort_order>34</sort_order>
                            <show_in_default>1</show_in_default>
                            <show_in_website>0</show_in_website>
                            <show_in_store>0</show_in_store>
                        </commission_percent>
                        <rates translate="label">
                            <label>Tiered Rates</label>
                            <frontend_type>select</frontend_type>
                            <frontend_model>udtiercom/adminhtml_systemConfigField_rates</frontend_model>
                            <backend_model>adminhtml/system_config_backend_serialized</backend_model>
                            <sort_order>40</sort_order>
                            <show_in_default>1</show_in_default>
                            <show_in_website>0</show_in_website>
                            <show_in_store>0</show_in_store>
                        </rates>
                        <fixed_calculation_type translate="label">
                            <label>Fixed Rates Calculation Type</label>
                            <frontend_type>select</frontend_type>
                            <source_model>udtiercom/source</source_model>
                            <sort_order>50</sort_order>
                            <show_in_default>1</show_in_default>
                            <show_in_website>0</show_in_website>
                            <show_in_store>0</show_in_store>
                        </fixed_calculation_type>
                        <transaction_fee translate="label">
                            <label>Fixed Flat Rate (per po) [old transaction fee]</label>
                            <frontend_type>text</frontend_type>
                            <sort_order>60</sort_order>
                            <show_in_default>1</show_in_default>
                            <show_in_website>0</show_in_website>
                            <show_in_store>0</show_in_store>
                        </transaction_fee>
                        <fixed_rule translate="label">
                            <label>Rule for Fixed Rates</label>
                            <frontend_type>select</frontend_type>
                            <source_model>udtiercom/source</source_model>
                            <sort_order>70</sort_order>
                            <show_in_default>1</show_in_default>
                            <show_in_website>0</show_in_website>
                            <show_in_store>0</show_in_store>
                        </fixed_rule>
                        <fixed_rates translate="label comment">
                            <label>Rule Based Fixed Rates</label>
                            <frontend_type>select</frontend_type>
                            <frontend_model>udtiercom/adminhtml_systemConfigField_fixedRates</frontend_model>
                            <backend_model>udtiercom/systemConfig_backend_fixedRates</backend_model>
                            <sort_order>80</sort_order>
                            <show_in_default>1</show_in_default>
                            <show_in_website>0</show_in_website>
                            <show_in_store>0</show_in_store>
                            <comment>Used for transaction fee calculation</comment>
                        </fixed_rates>
                    </fields>
                </tiercom>
            </groups>
        </udropship>
    </sections>
</config>